malware,famili
b00302c7a37d30e1d649945bce637c2be5ef5a1055e572df9866ef8281964b65,amadey
4506917f5cd8be78ec581d74085c21b75b17c2ede56f0af2dc38bc3f09e96caf,amadey
12e5e5bba84f2a618310f72a7fbb40e04bf2f221a13145b3a91bb4707d7130c1,amadey
d96239eb6f4f3af1613dbb8513d97b895dccf7b986adb6d2a94a3bd3064b471b,amadey
707fc73f8e6494959b1b33c9f7c582335cda88397a0e7e3822f56ad0354996c6,amadey
ea07b2d53fa8793d39a63f4f787e3951cf3eb9fab05cc5a2b5cd3e303c241c10,amadey
4c8f8899d02737d9c1c00f8848f73298a2749ff7a1a75a0ca2acd68117d2b515,amadey
0da5b00e8e941ac4be29830e6040cb5f,amadey
488385cd54d14790b03fa7c7dc997ebea3f7b2a8499e5927eb437a3791102a77,amadey
5bf3ab9c47d8152548db40516ff474a947393de01033b0be2a57409e08d4991c,amadey
919ae827ff59fcbe3dbaea9e62855a4d27690818189f696cfb5916a88c823226,amadey
fff0ebef752c4e657f04529267347416,amadey
2b46fc922a0e16552f09f9b2d1a9cbedfada367fa985e2c0a15b815acc03f806,amadey
cc5e48eb9cf7308dedf57d5e468e836f,amadey
ba7570395a1adfa7dd22638402d994c2b36efb559d1a69ddc91503bb0b608839,amadey
2964ea014ca6c3770dd7e28339348eb7,amadey
7d05ae98fea42630b199a45f26e18a7196a8f3509ed703fc918416780fd1f661,amadey
78305c8b5e8ead6989a0af09fc6ed8f2ff1b246c0487dfa78fb5b155b554cae9,amadey
e92089c1bcd9543515ccada144422b83f9f0b39b3fc0762d79d6619138a224cb,amadey
43e67fbb1bc6ac4549c216476b2aa4e98a89e74ce4d51b8d72380fdd8cc4edb1,amadey
0c857501e3851072db666386136929c06bcf4c8d3160b41b7d82a3ce9afca1be,vidar
4c17f7ee55f9bf6fa9acaeeb9574feab39ba4a3cccd4426dfa85aaf58b90ae73,vidar
3418a369486e9bf2b57023dc0b02cb00f12a5214fca8bae20ff93586cc8c678a,vidar
28db05fffe5f32ee8df60a400c97d19270d23327ebb49ae86e455ea14d59f113,vidar
363c46dfb252d7c40d9c3bb63bdc40c2eff0ce16c0c1b77f507d73058104c6e1,vidar
532BC078A68683CE70CB765191A128FADEE2A23180B1A8E8A16B72F1A8EE291A,vidar
87b92fcd04f69f9c132c9f350dbb3686888a5e388b1f787f6a658f09582c0da6,vidar
02355d3fee5e217b25f9210ad0f6bacc3807b6ef1a59aa4d428c01017dcbcf28,vidar
49a7f82743a038d7a570d5d5d8ecb92f369f0e6dbba6532674c4789f0daf9b31,vidar
931ac54db53c787f4138e73535db1664fc22cfbd9957b53d4c5135bc8a0dabd5,vidar
25f720e9b969bdbece357a4704d4575a47ab8230affefbc2bfc467cb317835f1,vidar
b67bc78347918209973d633287c4e1f514a0917b8678c2cf2066ba80b2004f78,vidar
99e733391ac499e78e535a98551c4d27408abfad4e56fe4c46956636655df29c,vidar
5cd0759c1e566b6e74ef3f29a49a34a08ded2dc44408fccd41b5a9845573a34c,vidar
05f9553616bb5fdbf37bd4036c210929e08d7181de898c1bea1bdae7afb0766f,vidar
4d4f97f1621334e4075e0229265ac6c5da14754eff1378a7d77ea6d3821e8a33,vidar
0df79273aea792b72c2218a616b36324e31aaf7da59271969a23a0c392f58451,vidar
b6b6df6abb52d7d2e2eb8496c04d76e2a01e51703b7ce44aa127d60ce53a0be7,vidar
e3d16f3f69fa0857f966022387ee6f9408385ddf389d09ffe7dc44acc8ac1ad5,vidar
151247e9379a755e3bb260cca5c59977e4075d5404db4198f3cec82818412479,vidar
eaf39a263bece3cbd0d6b70e22c12d8f,agent tesla
dc6a5d1b3accb015fe2b6f91176c57c5,agent tesla
f8efaa5826c602395a6317abb2905a25,agent tesla
413ca1f198008a2980f7891c059bc188,agent tesla
7e19235ca4a6192bdace52baa0a40d26,agent tesla
14a388b154b55a25c66b1bfef9499b64,agent tesla
37f68678914c4b15b4f1768037d3b3a1,agent tesla
679e61e35641582d91f79ec97752b2a5,agent tesla
d8e5aa1965cbd11b4031df178d936bcb,agent tesla
94491241e60bd744ff41c9f33cd39b02ee968cfce120720be9e8a849b8e39c0e,agent tesla
2c796a675fe4d3587af0bdadb10abb6b,agent tesla
459a093eb5e65eaa2ea203129f6fc91b,agent tesla
506887f557d9399e9cd663b65b2271d5,agent tesla
d7abc0880783e5e1c08f8a70a292473b,agent tesla
5b14a7366cf5dbea3386c6afbd25f012,agent tesla
282c9c3ec7ffed97693709297772c923,agent tesla
e5b234b445e81c5a55f21bc75eb40e5e,agent tesla
6802c9c481671ec10ee1178946a46c73,agent tesla
c0ee1071e444f415f8b62856a0896f3b22e563f1bb4f03d14142583efe49a565,agent tesla
bc9f0c07dfe0016049662acbafe3c96f,agent tesla
0a899c337465ddc558b83db800299f685a24827b3471ded984b10e64a942da3f,cobalt strike
0c71dcca7d39fd895a7b772ccd2370fc94f5e34423d87974c49f4d1c24cf103b,cobalt strike
0d032d82dec12b4c35e2724d09ef23f517ee839efd673b26a28cec732ddce343,cobalt strike
0d342522ce682b1c2bd832519b3fc0dc04c0f50862327f33ed8f38d7cb6a7b62,cobalt strike
1b11ae98b85bb0645abe36adcd852e6e84b51c6b5c811729f3c19f14f32d4e4f,cobalt strike
1c8de01df040c973b37ae5ce8e1bb523e1ba24a9c25263706022f9a9894a2e50,cobalt strike
1d85ccc8254dfd89e23bfc5dfae6391d23e572bb02e84139de14e6b8795db07c,cobalt strike
1e993ef7ee5f21b9f815ebf853b0bd40d3328a1bd6d680ffc3ace55e4bf73a89,cobalt strike
2bd9c0ae977d28d89bc7e590e0996274,cobalt strike
2be8c5227ce43f5f92291200b651a468b8ee36ea00c7f1f7f0d7579a7de61b43,cobalt strike
2cb4d628278053eba42c82d58fb894c230451ffe70d519ff79c5f1cc76f32fd9,cobalt strike
2ebcc948ef663d83710f246fe2c0e185a92fa29c12b94934ef189d43c4d18c62,cobalt strike
2edaa2518d319f9c0e97e337c7b41921477d857af96018f56207c5abdad74c38,cobalt strike
3a11f98d3d4fb8df67c97dc1bd06ff2e,cobalt strike
3c8a5062da56c98a9405d638d9ad2b6200a3e1a8f9f6744652ac1b6b0cbe0c3f,cobalt strike
3dbe8fb7d2794ceb0e3e87278531bc280385b144d9feec044bf5847e7a6af57d,cobalt strike
4b792c505b6dedad9f2a21c866212e96ae12c8415e3e9b249fa235e63398c2c8,cobalt strike
5b4fa424c04f0c0b46e27d6d91726c5cb53f515fc6e039776879f4407502a0f9,cobalt strike
6b4808050c2a6b80fc9945acdecec07a843436ea707f63555f6557057834333e,cobalt strike
06bbb36baf63bc5cb14d7f097745955a4854a62fa3acef4d80c61b4fa002c542,cobalt strike
